<?xml version="1.0" encoding="UTF-8"?>
<!DOCTYPE struts PUBLIC
"-//Apache Software Foundation//DTD Struts Configuration 2.0//EN"
"http://struts.apache.org/dtds/struts-2.0.dtd">
<struts>
	<constant name="struts.devMode" value="true" />
	<package name="helloworld" namespace="/hello"
		extends="struts-default">
		<action name="hello"
			class="com.struts.example3.HelloWorldAction" method="execute">
			<result name="success">/HelloWorld.jsp</result>
			<result name="failure">/error.jsp</result>
		</action>
	</package>

	
</struts>